Subreddit,Keywords,Category
r/vegan,27,Sustainable
r/todayilearned,25,Generic
r/mildlyinteresting,24,Generic
r/Showerthoughts,22,Generic
r/AskReddit,14,Generic
r/vegetarian,11,Sustainable
r/mildlyinfuriating,10,Generic
r/unpopularopinion,10,Generic
r/worldnews,8,Generic
r/vegancirclejerk,5,Sustainable
r/politics,5,Generic
r/environment,4,Sustainable
r/PlantBasedDiet,4,Sustainable
r/NoStupidQuestions,4,Generic
r/science,4,Generic
r/news,4,Generic
r/nutrition,3,Generic
r/interestingasfuck,3,Generic
r/greenhouse,2,Sustainable
r/Pescetarian,2,Sustainable
r/dairyfree,2,Sustainable
r/verticalfarming,2,Sustainable
r/explainlikeimfive,2,Generic
r/veganuk,1,Sustainable
r/vegancheesemaking,1,Sustainable
r/Futurology,1,Generic
r/Veganivore,1,Sustainable
r/recycling,1,Sustainable
r/Thatsactuallyverycool,1,Generic
